{
  "1": {
    "Agda": [
      {
        "size": 0,
        "memory": 50.0012,
        "real_time": 0.049999999999999996,
        "user_time": 0.020999999999999998,
        "system_time": 0.019999999999999997
      }
    ],
    "Coq": [
      {
        "size": 0,
        "memory": 64.9276,
        "real_time": 0.10300000000000001,
        "user_time": 0.037,
        "system_time": 0.06200000000000001
      }
    ],
    "Idris": [
      {
        "size": 0,
        "memory": 243.20919999999995,
        "real_time": 0.841,
        "user_time": 0.647,
        "system_time": 0.18699999999999997
      }
    ],
    "Lean": [
      {
        "size": 0,
        "memory": 238.47200000000004,
        "real_time": 0.14999999999999997,
        "user_time": 0.09299999999999999,
        "system_time": 0.05600000000000001
      }
    ]
  },
  "10": {
    "Agda": [
      {
        "size": 0,
        "memory": 50.0252,
        "real_time": 0.049999999999999996,
        "user_time": 0.018,
        "system_time": 0.022
      }
    ],
    "Coq": [
      {
        "size": 0,
        "memory": 65.28399999999999,
        "real_time": 0.10500000000000001,
        "user_time": 0.03300000000000001,
        "system_time": 0.06500000000000002
      }
    ],
    "Idris": [
      {
        "size": 0,
        "memory": 244.26319999999996,
        "real_time": 0.8400000000000001,
        "user_time": 0.655,
        "system_time": 0.17999999999999997
      }
    ],
    "Lean": [
      {
        "size": 0,
        "memory": 237.94279999999998,
        "real_time": 0.14999999999999997,
        "user_time": 0.09299999999999999,
        "system_time": 0.054000000000000006
      }
    ]
  },
  "11": {
    "Agda": [
      {
        "size": 0,
        "memory": 49.4184,
        "real_time": 0.049999999999999996,
        "user_time": 0.018999999999999996,
        "system_time": 0.019999999999999997
      }
    ],
    "Coq": [
      {
        "size": 0,
        "memory": 65.03920000000001,
        "real_time": 0.10300000000000001,
        "user_time": 0.038,
        "system_time": 0.06200000000000001
      }
    ],
    "Idris": [
      {
        "size": 0,
        "memory": 243.69359999999998,
        "real_time": 0.844,
        "user_time": 0.653,
        "system_time": 0.187
      }
    ],
    "Lean": [
      {
        "size": 0,
        "memory": 238.2576,
        "real_time": 0.15099999999999997,
        "user_time": 0.09499999999999999,
        "system_time": 0.053000000000000005
      }
    ]
  },
  "12": {
    "Agda": [
      {
        "size": 0,
        "memory": 49.52839999999999,
        "real_time": 0.039999999999999994,
        "user_time": 0.013000000000000001,
        "system_time": 0.018000000000000002
      }
    ],
    "Coq": [
      {
        "size": 0,
        "memory": 64.4908,
        "real_time": 0.10200000000000001,
        "user_time": 0.033999999999999996,
        "system_time": 0.06200000000000001
      }
    ],
    "Idris": [
      {
        "size": 0,
        "memory": 244.65279999999998,
        "real_time": 0.842,
        "user_time": 0.655,
        "system_time": 0.179
      }
    ],
    "Lean": [
      {
        "size": 0,
        "memory": 238.25920000000002,
        "real_time": 0.14999999999999997,
        "user_time": 0.09299999999999999,
        "system_time": 0.05500000000000001
      }
    ]
  },
  "13": {
    "Agda": [
      {
        "size": 0,
        "memory": 49.7812,
        "real_time": 0.039999999999999994,
        "user_time": 0.016000000000000004,
        "system_time": 0.015
      }
    ],
    "Coq": [
      {
        "size": 0,
        "memory": 64.73,
        "real_time": 0.10699999999999998,
        "user_time": 0.031999999999999994,
        "system_time": 0.06800000000000002
      }
    ],
    "Idris": [
      {
        "size": 0,
        "memory": 243.0432,
        "real_time": 0.8400000000000001,
        "user_time": 0.6519999999999999,
        "system_time": 0.18599999999999997
      }
    ],
    "Lean": [
      {
        "size": 0,
        "memory": 237.83599999999996,
        "real_time": 0.15099999999999997,
        "user_time": 0.09099999999999998,
        "system_time": 0.05500000000000001
      }
    ]
  },
  "14": {
    "Agda": [
      {
        "size": 0,
        "memory": 49.32640000000001,
        "real_time": 0.049999999999999996,
        "user_time": 0.019999999999999997,
        "system_time": 0.019999999999999997
      }
    ],
    "Coq": [
      {
        "size": 0,
        "memory": 64.9696,
        "real_time": 0.10300000000000001,
        "user_time": 0.031000000000000007,
        "system_time": 0.06500000000000002
      }
    ],
    "Idris": [
      {
        "size": 0,
        "memory": 244.12920000000003,
        "real_time": 0.841,
        "user_time": 0.649,
        "system_time": 0.185
      }
    ],
    "Lean": [
      {
        "size": 0,
        "memory": 238.22879999999995,
        "real_time": 0.14999999999999997,
        "user_time": 0.09499999999999999,
        "system_time": 0.05500000000000001
      }
    ]
  },
  "15": {
    "Agda": [
      {
        "size": 0,
        "memory": 49.6996,
        "real_time": 0.049999999999999996,
        "user_time": 0.020999999999999998,
        "system_time": 0.018999999999999996
      }
    ],
    "Coq": [
      {
        "size": 0,
        "memory": 64.7048,
        "real_time": 0.10300000000000001,
        "user_time": 0.03200000000000001,
        "system_time": 0.06400000000000002
      }
    ],
    "Idris": [
      {
        "size": 0,
        "memory": 243.2688,
        "real_time": 0.845,
        "user_time": 0.6469999999999999,
        "system_time": 0.18999999999999997
      }
    ],
    "Lean": [
      {
        "size": 0,
        "memory": 237.91879999999998,
        "real_time": 0.14999999999999997,
        "user_time": 0.09499999999999999,
        "system_time": 0.051000000000000004
      }
    ]
  },
  "16": {
    "Agda": [
      {
        "size": 0,
        "memory": 50.248400000000004,
        "real_time": 0.049999999999999996,
        "user_time": 0.019999999999999997,
        "system_time": 0.019999999999999997
      }
    ],
    "Coq": [
      {
        "size": 0,
        "memory": 64.82759999999999,
        "real_time": 0.10200000000000001,
        "user_time": 0.03600000000000001,
        "system_time": 0.06200000000000001
      }
    ],
    "Idris": [
      {
        "size": 0,
        "memory": 242.9196,
        "real_time": 0.8399999999999999,
        "user_time": 0.645,
        "system_time": 0.192
      }
    ],
    "Lean": [
      {
        "size": 0,
        "memory": 237.0292,
        "real_time": 0.14999999999999997,
        "user_time": 0.09199999999999998,
        "system_time": 0.05500000000000001
      }
    ]
  },
  "17": {
    "Agda": [
      {
        "size": 0,
        "memory": 49.0264,
        "real_time": 0.039999999999999994,
        "user_time": 0.013000000000000001,
        "system_time": 0.018
      }
    ],
    "Coq": [
      {
        "size": 0,
        "memory": 64.32159999999999,
        "real_time": 0.09999999999999999,
        "user_time": 0.033999999999999996,
        "system_time": 0.06200000000000001
      }
    ],
    "Idris": [
      {
        "size": 0,
        "memory": 243.3076,
        "real_time": 0.842,
        "user_time": 0.647,
        "system_time": 0.18999999999999997
      }
    ],
    "Lean": [
      {
        "size": 0,
        "memory": 238.454,
        "real_time": 0.14999999999999997,
        "user_time": 0.09599999999999999,
        "system_time": 0.051000000000000004
      }
    ]
  },
  "18": {
    "Agda": [
      {
        "size": 0,
        "memory": 48.62760000000001,
        "real_time": 0.039999999999999994,
        "user_time": 0.015999999999999997,
        "system_time": 0.017999999999999995
      }
    ],
    "Coq": [
      {
        "size": 0,
        "memory": 64.5188,
        "real_time": 0.101,
        "user_time": 0.037,
        "system_time": 0.06000000000000001
      }
    ],